{
 "analysis":{
   "info":"BUSTED-SRV (branch-site unrestricted statistical test of episodic diversification with synonymous rate variation) uses a random effects branch-site model fitted jointly to all or a subset of tree branches in order to test for alignment-wide evidence of episodic diversifying selection. Assuming there is evidence of positive selection (i.e. there is an omega > 1), BUSTED will also perform a quick evidence-ratio style analysis to explore which individual sites may have been subject to selection.",
   "version":"1.2",
   "citation":"*Gene-wide identification of episodic selection*, Mol Biol Evol. 32(5):1365-71",
   "authors":"Sergei L Kosakovsky Pond",
   "contact":"spond@temple.edu",
   "requirements":"in-frame codon alignment and a phylogenetic tree (optionally annotated with {})"
  },
 "input":{
   "file name":"/home3/sadie/BUSTED-SRV/data/sim_replicate.8",
   "number of sequences":6,
   "number of sites":123,
   "partition count":1,
   "trees":{
     "0":"((((AC133103_6_MOUSE,AC132444_5_MOUSE)NODE_3,AC132444_3_MOUSE)NODE_5,AC133103_7_MOUSE)NODE_7,AC125149_3_MOUSE,GM10553_MOUSE)"
    }
  },
 "background":0,
 "fits":{
   "Unconstrained model":{
     "Log Likelihood":-573.7488219331391,
     "estimated parameters":33,
     "AIC-c":1216.685143866278,
     "Rate Distributions":{
       "Test":{
         "0":{
           "omega":0.4652421421207023,
           "proportion":0.3151761108484824,
           "SRV_rate":0,
           "SRV_weight":0.3750358750017809
          },
         "1":{
           "omega":0.7895286645733909,
           "proportion":0.6848238891515176,
           "SRV_rate":2.924500891458857,
           "SRV_weight":0.2464773722530045
          },
         "2":{
           "omega":1.431810444316925,
           "proportion":0,
           "SRV_rate":2.927335035833463,
           "SRV_weight":0.3784867527452145
          }
        }
      },
     "display order":0
    }
  },
 "timers":{
   "Overall":{
     "timer":102,
     "order":0
    },
   "Preliminary model fitting":{
     "timer":6,
     "order":1
    },
   "Unconstrained BUSTED model fitting":{
     "timer":94,
     "order":2
    }
  },
 "Site Log Likelihood":{
   "unconstrained":[
    [-3.718254483444265, -3.822555630265454, -4.194958232548458, -4.337986369946232, -4.369755755411006, -3.453267383985649, -3.605306079130579, -4.895462983982084, -3.613249978195569, -4.232880814841201, -3.718254483444265, -4.129239322323444, -4.414852734869134, -4.630013421748754, -4.168339683976019, -4.396901614839662, -4.194958232548458, -4.129239322323444, -4.123959445552843, -9.940353410383405, -4.358461630957869, -3.605306079130579, -3.822555630265454, -4.379103879534442, -3.667147446943296, -5.186215369993352, -3.506703840497554, -3.605306079130579, -4.397662361999665, -5.051217761950695, -4.117286503618552, -3.849103409121573, -3.506703840497554, -4.369755755411006, -4.3162874182137, -4.449488653098657, -4.999243027520534, -3.981539364773938, -3.506703840497554, -3.822555630265454, -3.981539364773938, -9.529604757113262, -4.414852734869134, -4.072503839345252, -4.289740380921579, -4.414852734869134, -4.168339683976019, -4.072503839345252, -8.519522508995205, -4.312479004422503, -4.190611356000329, -3.693704292882205, -7.780684754613966, -4.01904828208321, -3.945559061914919, -4.971367783126604, -3.822555630265454, -4.194958232548458, -4.364039682590075, -7.934323401526228, -3.945559061914919, -8.488573821795605, -3.453267383985649, -9.071056320116373, -4.289740380921579, -3.613249978195569, -4.369755755411006, -4.449488653098657, -4.501672193777246, -4.129239322323444, -4.396901614839662, -3.945559061914919, -4.358800509094854, -4.474588124533398, -3.667147446943296, -12.37742869969919, -3.453267383985649, -5.186215369993352, -3.453267383985649, -4.746349376057326, -4.397662361999665, -8.462465750276495, -3.849103409121573, -4.289740380921579, -4.01904828208321, -4.232880814841201, -4.259450962450512, -4.474588124533398, -4.89561274733792, -3.693704292882205, -4.358461630957869, -4.49861279075999, -4.369755755411006, -4.379103879534442, -4.182633818464784, -3.822555630265454, -4.190611356000329, -3.693704292882205, -4.221625085427817, -3.718254483444265, -3.662074130665148, -4.746349376057326, -3.506703840497554, -4.072503839345252, -4.3162874182137, -9.753410603988032, -4.219353563654502, -8.586567345165333, -7.934323401526228, -4.364039682590075, -9.126030486311718, -3.718254483444265, -3.506703840497554, -3.849103409121573, -4.3162874182137, -4.892442581660068, -3.718254483444265, -4.501672193777246, -3.453267383985649, -5.055511837034862, -4.259450962450512, -4.190611356000329, -4.337986369946232]
    ]
  },
 "Evidence Ratios":{
  },
 "tested":{
   "0":{
     "AC133103_6_MOUSE":"test",
     "AC132444_5_MOUSE":"test",
     "NODE_3":"test",
     "AC132444_3_MOUSE":"test",
     "NODE_5":"test",
     "AC133103_7_MOUSE":"test",
     "NODE_7":"test",
     "AC125149_3_MOUSE":"test",
     "GM10553_MOUSE":"test"
    }
  },
 "data partitions":{
   "0":{
     "name":"busted.filter.default",
     "coverage":[
      [0, 1, 2, 3, 4, 5, 6, 7, 8, 9, 10, 11, 12, 13, 14, 15, 16, 17, 18, 19, 20, 21, 22, 23, 24, 25, 26, 27, 28, 29, 30, 31, 32, 33, 34, 35, 36, 37, 38, 39, 40, 41, 42, 43, 44, 45, 46, 47, 48, 49, 50, 51, 52, 53, 54, 55, 56, 57, 58, 59, 60, 61, 62, 63, 64, 65, 66, 67, 68, 69, 70, 71, 72, 73, 74, 75, 76, 77, 78, 79, 80, 81, 82, 83, 84, 85, 86, 87, 88, 89, 90, 91, 92, 93, 94, 95, 96, 97, 98, 99, 100, 101, 102, 103, 104, 105, 106, 107, 108, 109, 110, 111, 112, 113, 114, 115, 116, 117, 118, 119, 120, 121, 122]
      ]
    }
  },
 "branch attributes":{
   "0":{
     "AC125149_3_MOUSE":{
       "MG94xREV with separate rates for test/background branches":0.01085510107475379,
       "original name":"AC125149_3_MOUSE",
       "unconstrained":0.01751972409486187
      },
     "AC132444_3_MOUSE":{
       "MG94xREV with separate rates for test/background branches":0,
       "original name":"AC132444_3_MOUSE",
       "unconstrained":0
      },
     "AC132444_5_MOUSE":{
       "MG94xREV with separate rates for test/background branches":0,
       "original name":"AC132444_5_MOUSE",
       "unconstrained":0
      },
     "AC133103_6_MOUSE":{
       "MG94xREV with separate rates for test/background branches":0,
       "original name":"AC133103_6_MOUSE",
       "unconstrained":0
      },
     "AC133103_7_MOUSE":{
       "MG94xREV with separate rates for test/background branches":0,
       "original name":"AC133103_7_MOUSE",
       "unconstrained":0
      },
     "GM10553_MOUSE":{
       "MG94xREV with separate rates for test/background branches":0.01917791951350564,
       "original name":"GM10553_MOUSE",
       "unconstrained":0.03117726275977083
      },
     "NODE_3":{
       "MG94xREV with separate rates for test/background branches":0,
       "unconstrained":0
      },
     "NODE_5":{
       "MG94xREV with separate rates for test/background branches":0,
       "unconstrained":0
      },
     "NODE_7":{
       "MG94xREV with separate rates for test/background branches":0.008234963291547086,
       "unconstrained":0.01336733353045406
      }
    },
   "attributes":{
     "MG94xREV with separate rates for test/background branches":{
       "attribute type":"branch length",
       "display order":2
      },
     "original name":{
       "attribute type":"node label",
       "display order":0
      },
     "unconstrained":{
       "attribute type":"branch length",
       "display order":0
      }
    }
  },
 "test results":{
   "LRT":0,
   "p-value":1
  }
}