{
 "fits":{
   "Unconstrained model":{
     "log-likelihood":-568.9325771948617,
     "parameters":31,
     "AIC-c":1202.675352690007,
     "runtime":10,
     "tree length":0.08984102821848433,
     "tree string":"((((AC133103_6_MOUSE:1e-10,AC132444_5_MOUSE:1e-10)NODE_3:1e-10,AC132444_3_MOUSE:1e-10)NODE_5:1e-10,AC133103_7_MOUSE:0.0161659)NODE_7:0.0079523,AC125149_3_MOUSE:0.0245101,GM10553_MOUSE:0.0412128)",
     "rate distributions":{
       "FG":[
        [0.6393760059780947, 0.5486790728711091],
        [1.030914974431538, 0.4513209271288909]
        ],
       "SRV":[
        [0.2600236635765876, 0],
        [0.9999741850670087, 0.0008010000000000001],
        [1.000000020694338, 0.9991989999999999]
        ]
      }
    },
   "Constrained model":{
     "log-likelihood":-568.9317691302205,
     "parameters":30,
     "AIC-c":1200.494372772464,
     "runtime":3,
     "tree length":0.0898515231657627,
     "tree string":"((((AC133103_6_MOUSE:1e-10,AC132444_5_MOUSE:1e-10)NODE_3:1e-10,AC132444_3_MOUSE:1e-10)NODE_5:1e-10,AC133103_7_MOUSE:0.0161557)NODE_7:0.00795672,AC125149_3_MOUSE:0.0244989,GM10553_MOUSE:0.0412402)",
     "rate distributions":{
       "FG":[
        [0.6574420608550681, 0.5436417219524525],
        [1, 0.4563582780475475]
        ],
       "SRV":[
        [0.2600236635805531, 0],
        [0.9999742307128417, 0.000803008556065459],
        [1.000000020709588, 0.9991969914439346]
        ]
      }
    }
  },
 "timers":{
   "overall":24,
   "unconstrained":10,
   "constrained":3
  },
 "profiles":{
   "unconstrained":[
    [-4.256346640894502, -4.278485324656453, -4.551845821295819, -4.133594889956264, -3.887774201648968, -4.133594889956264, -3.894926831906286, -4.133594889956264, -4.602014878174561, -3.718999405203192, -4.602014878174561, -9.339964483999573, -4.304655278727143, -4.492595552906597, -3.945297535442212, -4.074988857295893, -4.449437521563939, -10.29415959860598, -10.13312497075752, -4.321878086695595, -3.945297535442212, -4.492595552906597, -3.935230790030707, -4.210805719566751, -4.1878676822899, -3.894552050180138, -4.149502942678611, -3.887774201648968, -4.304655278727143, -4.335998243797244, -3.935230790030707, -3.935230790030707, -4.1878676822899, -4.077638973729251, -4.439519936680557, -4.551845821295819, -4.13722915700011, -4.278485324656453, -4.133594889956264, -4.602014878174561, -4.210686484218264, -3.664632318262957, -4.314320643998129, -3.945297535442212, -9.062930349412452, -4.566173565899894, -4.077638973729251, -3.887774201648968, -3.894926831906286, -8.521805923623461, -3.912412075730078, -8.554249570745663, -3.849414936586295, -4.133594889956264, -4.084026057654632, -4.30716802181596, -3.935230790030707, -4.153286014866355, -4.084026057654632, -4.153286014866355, -4.084026057654632, -3.952446526765756, -4.020126141696087, -4.314320643998129, -4.344584544047351, -4.13722915700011, -4.281824277500647, -4.371840260593181, -4.281824277500647, -4.182621530794865, -3.922991508458062, -3.935230790030707, -4.156645143161055, -4.210805719566751, -3.912412075730078, -4.146133384608932, -3.922991508458062, -4.304655278727143, -3.912412075730078, -3.945297535442212, -4.133594889956264, -4.020126141696087, -4.1878676822899, -9.340338864945771, -4.182621530794865, -4.156645143161055, -4.210805719566751, -3.887774201648968, -8.533827298990419, -3.922991508458062, -4.133594889956264, -4.344584544047351, -4.13722915700011, -3.945297535442212, -9.026068248163162, -8.829754180450768, -3.952446526765756, -4.44098077414938, -10.12830463717339, -4.278485324656453, -4.321878086695595, -4.449437521563939, -4.1878676822899, -4.566173565899894, -4.256346640894502, -4.489581895176078, -4.321878086695595, -4.411016369760831, -4.492595552906597, -4.314320643998129, -4.44098077414938, -3.894552050180138, -4.133594889956264, -4.084026057654632, -4.602014878174561, -4.133594889956264, -4.304655278727143, -4.084026057654632, -3.980511525309716, -3.922991508458062, -4.439519936680557, -4.203656703666196, -4.278485324656453]
    ],
   "constrained":[
    [-4.254522363350161, -4.277375363019376, -4.550712093341697, -4.133088208828179, -3.887270505805122, -4.133088208828179, -3.894212167659871, -4.133088208828179, -4.601045163804858, -3.717802473234054, -4.601045163804858, -9.355828480523298, -4.3030571284581, -4.491231564652043, -3.944526919305371, -4.074531376624221, -4.448126476673903, -10.3105951294644, -10.14956050218082, -4.321091305604516, -3.944526919305371, -4.491231564652043, -3.934280203278881, -4.209824682756228, -4.18662696756316, -3.894054917017817, -4.148218145929053, -3.887270505805122, -4.3030571284581, -4.334622937000354, -3.934280203278881, -3.934280203278881, -4.18662696756316, -4.076263657550756, -4.438409971304498, -4.550712093341697, -4.136248107111373, -4.277375363019376, -4.133088208828179, -4.601045163804858, -4.209735907057269, -3.663936846633352, -4.313605979751522, -3.944526919305371, -9.062207728341516, -4.564809526226641, -4.076263657550756, -3.887270505805122, -3.894212167659871, -8.537825285816977, -3.911171343599821, -8.553554107011605, -3.848719473053837, -4.133088208828179, -4.08333059175999, -4.306664327759499, -3.934280203278881, -4.152571350619946, -4.08333059175999, -4.152571350619946, -4.08333059175999, -3.951465487797834, -4.019016180058919, -4.313605979751522, -4.343324755923107, -4.136248107111373, -4.279937827555379, -4.370859204546571, -4.279937827555379, -4.181651793501021, -3.922296038422858, -3.934280203278881, -4.155150968551904, -4.209824682756228, -3.911171343599821, -4.145629688765082, -3.922296038422858, -4.3030571284581, -3.911171343599821, -3.944526919305371, -4.133088208828179, -4.019016180058919, -4.18662696756316, -9.355512541774749, -4.181651793501021, -4.155150968551904, -4.209824682756228, -3.887270505805122, -8.533131990957441, -3.922296038422858, -4.133088208828179, -4.343324755923107, -4.136248107111373, -3.944526919305371, -9.025233143176079, -8.846335783527973, -3.951465487797834, -4.440011050061803, -10.14512183890844, -4.277375363019376, -4.321091305604516, -4.448126476673903, -4.18662696756316, -4.564809526226641, -4.254522363350161, -4.487656070261829, -4.321091305604516, -4.409966409785479, -4.491231564652043, -4.313605979751522, -4.440011050061803, -3.894054917017817, -4.133088208828179, -4.08333059175999, -4.601045163804858, -4.133088208828179, -4.3030571284581, -4.08333059175999, -3.979549631927715, -3.922296038422858, -4.438409971304498, -4.202886088839647, -4.277375363019376]
    ],