{
 "fits":{
   "Unconstrained model":{
     "log-likelihood":-568.9305499610612,
     "parameters":37,
     "AIC-c":1215.878242779265,
     "runtime":22,
     "tree length":0.99184480637698,
     "tree string":"((((AC133103_6_MOUSE:1e-10,AC132444_5_MOUSE:1e-10)NODE_3:1e-10,AC132444_3_MOUSE:1e-10)NODE_5:1e-10,AC133103_7_MOUSE:0.178474)NODE_7:0.0878615,AC125149_3_MOUSE:0.27047,GM10553_MOUSE:0.455039)",
     "rate distributions":{
       "FG":[
        [0.4772295283184043, 0.09692119209159324],
        [0.855414370989247, 0.9030788079084068],
        [1.325383159825709, 0]
        ],
       "SRV":[
        [0.6584420567996733, 0],
        [1, 1],
        [1.544340339817704, 0],
        [1.73499054455288, 0],
        [11.03836211814745, 0]
        ]
      }
    }
  },
 "timers":{
   "overall":32,
   "unconstrained":22,
   "constrained":0
  },
 "profiles":{
   "unconstrained":[
    [-4.25661217423696, -4.278528521310214, -4.551982106279812, -4.133526629408683, -3.887595631785356, -4.133526629408683, -3.894909758541512, -4.133526629408683, -4.602245411710705, -3.718837160839171, -4.602245411710705, -9.341341876547078, -4.304869517111545, -4.492945418754924, -3.945086406837139, -4.074946475881335, -4.449783792663262, -10.2946974362187, -10.13366702787071, -4.322041484461625, -3.945086406837139, -4.492945418754924, -3.935292584551019, -4.210841451620811, -4.18787075359058, -3.894501579351243, -4.149526217162239, -3.887595631785356, -4.304869517111545, -4.33601584100389, -3.935292584551019, -3.935292584551019, -4.18787075359058, -4.077573611641915, -4.439558905508686, -4.551982106279812, -4.137398243249595, -4.278528521310214, -4.133526629408683, -4.602245411710705, -4.2107295105359, -3.664423693304974, -4.314382302562515, -3.945086406837139, -9.061874465154684, -4.566389971206879, -4.077573611641915, -3.887595631785356, -3.894909758541512, -8.515649618267659, -3.912433901009652, -8.552995465715606, -3.849422668044354, -4.133526629408683, -4.08389617449888, -4.307068188651437, -3.935292584551019, -4.153351891161601, -4.08389617449888, -4.153351891161601, -4.08389617449888, -3.952399303505662, -4.020086388689585, -4.314382302562515, -4.344913005660611, -4.137398243249595, -4.282006670024004, -4.371871721877014, -4.282006670024004, -4.182773307779223, -3.922865837388226, -3.935292584551019, -4.156836921809206, -4.210841451620811, -3.912433901009652, -4.14603776440533, -3.922865837388226, -4.304869517111545, -3.912433901009652, -3.945086406837139, -4.133526629408683, -4.020086388689585, -4.18787075359058, -9.341419884401725, -4.182773307779223, -4.156836921809206, -4.210841451620811, -3.887595631785356, -8.539566513106905, -3.922865837388226, -4.133526629408683, -4.344913005660611, -4.137398243249595, -3.945086406837139, -9.024984892111052, -8.829678149471928, -3.952399303505662, -4.441215536864513, -10.12219418429221, -4.278528521310214, -4.322041484461625, -4.449783792663262, -4.18787075359058, -4.566389971206879, -4.25661217423696, -4.489735726812597, -4.322041484461625, -4.411044993570417, -4.492945418754924, -4.314382302562515, -4.441215536864513, -3.894501579351243, -4.133526629408683, -4.08389617449888, -4.602245411710705, -4.133526629408683, -4.304869517111545, -4.08389617449888, -3.980355509894256, -3.922865837388226, -4.439558905508686, -4.203528535393668, -4.278528521310214]
    ]
  },
 "evidence ratios":{
  },
 "test set":"AC133103_6_MOUSE,AC132444_5_MOUSE,NODE_3,AC132444_3_MOUSE,NODE_5,AC133103_7_MOUSE,NODE_7,AC125149_3_MOUSE,NODE_9,GM10553_MOUSE",
 "background":0,
 "test results":{
   "LR":0,
   "p":1
  }
}